"Campaign","Ad Group","Keyword","Criterion Type","Max CPC"
"Search – UK – Start","Free","driving school software free","Phrase","2.5"
"Search – UK – Start","Free","driving school software free","Exact","2.5"
"Search – UK – Start","Free","free driving school software","Phrase","2.5"
"Search – UK – Start","Free","free driving school software","Exact","2.5"
"Search – UK – Start","Free","driving school software free version","Phrase","2.5"
"Search – UK – Start","Free","driving school software free version","Exact","2.5"
"Search – UK – Start","Free","driving school software free download","Phrase","2.5"
"Search – UK – Start","Free","driving school software free download","Exact","2.5"
"Search – UK – Start","Core","driving school software","Phrase","2.5"
"Search – UK – Start","Core","driving school software","Exact","2.5"
"Search – UK – Start","Core","driving school management software","Phrase","2.5"
"Search – UK – Start","Core","driving school management software","Exact","2.5"
"Search – UK – Start","Core","software for driving schools","Phrase","2.5"
"Search – UK – Start","Core","software for driving schools","Exact","2.5"
"Search – UK – Start","Core","driving instructor software","Phrase","2.5"
"Search – UK – Start","Core","driving instructor software","Exact","2.5"
"Search – UK – Start","Core","driver training software","Phrase","2.5"
"Search – UK – Start","Core","driver training software","Exact","2.5"
"Search – UK – Start","Core","free","Negative Phrase",""
"Search – UK – Start","Scheduling","driving school scheduling software","Phrase","2.5"
"Search – UK – Start","Scheduling","driving school scheduling software","Exact","2.5"
"Search – UK – Start","Scheduling","driving lesson scheduling software","Phrase","2.5"
"Search – UK – Start","Scheduling","driving lesson scheduling software","Exact","2.5"
"Search – UK – Start","Scheduling","driving lessons software","Phrase","2.5"
"Search – UK – Start","Scheduling","driving lessons software","Exact","2.5"
"Search – UK – Start","Scheduling","driving instructor diary app","Phrase","2.5"
"Search – UK – Start","Scheduling","driving instructor diary app","Exact","2.5"
"Search – UK – Start","Scheduling","free","Negative Phrase",""
